Sr No,Learner Name,Course Title,Certificate Number,Expiry Date
1,John Smith,Workplace Safety Fundamentals,SAF001,2025-12-31
2,Jane Doe,Construction Safety Management,SAF002,2026-03-15
3,Mike Johnson,Industrial Safety Protocols,SAF003,
4,Sarah Wilson,Health and Safety Awareness,SAF004,2025-08-20
5,David Brown,Environmental Safety Training,SAF005,2026-01-10
6,Lisa Garcia,Fire Safety and Prevention,SAF006,
7,Robert Taylor,Chemical Safety Handling,SAF007,2025-11-30
8,Emily Davis,Electrical Safety Standards,SAF008,2026-02-28
9,James Wilson,Personal Protective Equipment,SAF009,
10,Amanda Miller,Emergency Response Procedures,SAF010,2025-09-15

